Helpful, Recommend, Hours, Posted_Date, Text, User, Game_Number
尚未有人觉得这篇评测有价值,推荐,388.7,2016-8-8,疯了，14个月以前不能重新玩任务，至今没找到解决方法。无限卡在建立复原点。求助!crazy  I met a bug that "create a restore point" appears infinitely when replay missions before 14 months  and it have not be sorted for now. HELP ME plz!!!,shawnshiu,515
尚未有人觉得这篇评测有价值,推荐,292.8,2016-8-8,非常非常好玩的一款游戏 就是外挂太恶心,ASSASSIN,112
尚未有人觉得这篇评测有价值,推荐,1718.7,2016-6-7,为什么今天玩不了GTA5了？不管是单机模式还是联机模式，都无法进入游戏,贺浩宇,13
尚未有人觉得这篇评测有价值,推荐,233.3,2016-8-7,外挂 特别多,没遮没拦,5
尚未有人觉得这篇评测有价值,推荐,260.5,2016-7-22,GOOD,他女朋友真可爱,95
1 人觉得这篇评测有价值有 1 人觉得这篇评测很欢乐,不推荐,145.2,2016-8-11,本来我是打算给好评，直到今天晚上23点，莫名其妙封号。直接10天，R星， ♥♥♥♥ your mother,丝袜特,31
1 人觉得这篇评测有价值,不推荐,103.2,2016-8-11,this game is a ♥♥♥♥!!!!!!!!!!!!,不存在的次元,17
尚未有人觉得这篇评测有价值,推荐,447.6,2016-6-13,线上太卡,Jamie:D,5
尚未有人觉得这篇评测有价值,推荐,156.2,2016-6-13,GTA5，不必多说，经典就是经典。,Silencers,52
尚未有人觉得这篇评测有价值,推荐,121.5,2016-6-12,这游戏很棒，就是没有拉斯维加斯的赌场，和喷火器.有点遗憾！,1813458570,14
1 人觉得这篇评测有价值,不推荐,266.9,2016-9-15,什么破鸡巴玩意，我已经被误封两次了，今天是第二次了，太恶心了，希望r星赶紧解封,a小沫比比,88
尚未有人觉得这篇评测有价值,推荐,345.6,2016-6-8,莫名其妙封号，我艹R星，玩个J8,裤裆有BUFF,4
1 人觉得这篇评测有价值,推荐,110.1,2016-6-30,666666666666666666666666666666666666666,kevin23333,17
1 人觉得这篇评测有价值,推荐,51.7,2016-5-22,游戏很不错  就是线上模式G太多,放學別走,10
1 人觉得这篇评测有价值,推荐,389.0,2015-11-28,gta5忘记了小时候有多么喜欢这款游戏，只是开车，突突突，就能让我玩上好一阵子，现在画面更好了，故事更丰富了，就是联机方面还是差强人意。,打牌狂人杰洛特,96
1 人觉得这篇评测有价值,推荐,876.4,2015-11-28,就是贵了点,1072900347,5
1 人觉得这篇评测有价值,推荐,73.1,2015-11-28,买晚了。。只能这么说,Acme,17
尚未有人觉得这篇评测有价值,推荐,157.5,2016-9-19,很不错的游戏，基本所有版本都玩过，支持下,神奇的河马,13
1 人觉得这篇评测有价值,不推荐,442.2,2016-6-28,R星，你这样误封。真的好嘛？,iNORI,226
1 人觉得这篇评测有价值,不推荐,72.8,2016-6-28,误封,T-Doge,81
1 人觉得这篇评测有价值,不推荐,59.2,2016-6-28,sbr星脑残乱封号,2453163970,2
1 人觉得这篇评测有价值,不推荐,470.1,2016-6-28,开挂的没见封 没开挂就随便封 R星 我操你妈屄 食屎啦,925295711,2
1 人觉得这篇评测有价值有 5 人觉得这篇评测很欢乐,不推荐,434.7,2016-7-10,路边殺死一个挂b，封我永久，吔屎啦r星，看我的时间就知道我是一个老湿机。,戴呆呆,50
1 人觉得这篇评测有价值,不推荐,64.5,2016-7-7,玩了十几个小时，什么都没做，无缘无故就封了我的号，就我一人被封就算了，我朋友也是这样，这游戏这公司也算是极品了,kev3n,4
1 人觉得这篇评测有价值,不推荐,421.7,2016-7-7,R星 无缘无故封号 ，建议别买】,1067846620,1
1 人觉得这篇评测有价值,不推荐,499.1,2016-7-7,玩儿了100个小时 开个VPN给我封了10+30天 还不给个理由申诉一堆官方语言 就是不给看账号到底是为什么被封   说什么临时封停不给解 那直接给个永久 我在找你解封 可以么      跟我一个房间的哥们 就没事...逗我玩儿呢,Pias Johnny,48
1 人觉得这篇评测有价值,不推荐,337.8,2016-7-7,乱封号，,BOA,32
1 人觉得这篇评测有价值,不推荐,1367.7,2016-6-20,今天 第二次 被 封 SB R星 无缘无故封玩家,RWBY,66
尚未有人觉得这篇评测有价值有 3 人觉得这篇评测很欢乐,不推荐,72.7,2016-8-20,我特别推荐这款游戏，花200rmb，什么事都没做，就被封号，很值得来试试,xbk925,58
尚未有人觉得这篇评测有价值,推荐,1664.9,2016-9-5,目前已经玩了714小时，还没有被封过，都是直连不开加速，360也没退过，之前公共战局遇到一次所有弹药都没了的情况，上网查了一下说可能被战局内挂逼黑了，其他至今一切正常,946361392,1
尚未有人觉得这篇评测有价值,推荐,407.7,2016-8-31,很不错把，r星做这个游戏，完了很多年，从gta3到gta5每一部包括dlc都会给人惊喜，百玩不厌、,蹲在茅厕玩蛆,21
尚未有人觉得这篇评测有价值,推荐,727.5,2016-8-31,好玩，可以和朋友一起体验合作的乐趣,csgo号被封= =想和我玩请联系我QQ,12
尚未有人觉得这篇评测有价值,推荐,74.1,2016-8-14,不错的游戏  也没发现网友说的乱封号的现象   神作  满分,陈鹏,9
尚未有人觉得这篇评测有价值,推荐,33.6,2016-8-14,这是有史以来最好的游戏。,Lao___A,49
尚未有人觉得这篇评测有价值,推荐,1664.9,2016-9-5,目前已经玩了714小时，还没有被封过，都是直连不开加速，360也没退过，之前公共战局遇到一次所有弹药都没了的情况，上网查了一下说可能被战局内挂逼黑了，其他至今一切正常,946361392,1
尚未有人觉得这篇评测有价值有 1 人觉得这篇评测很欢乐,推荐,615.5,2016-8-28,最近入手才三天，游戏性很强三天完了50个小时。一直都是自己在公开战局浪，目前还没发现什么封号的迹象。两天半赚了一百五十万不知道会不会被封。。总的来说超好玩，侠盗飞车从小就陪伴我长大，即使我被封了，我也要陪伴它走下去！,1225836474,3
尚未有人觉得这篇评测有价值,推荐,1129.5,2016-8-14,从预售到现在一直在玩，官方也很重视线上模式，还在持续更新。好评如潮！！！,qq19645089631,42
尚未有人觉得这篇评测有价值,推荐,198.3,2016-8-28,挺好玩的，被误封的也是少数吧。不用VPN可能线上模式会卡，总体来说还是很推荐的。,我想起高兴的事情,102
尚未有人觉得这篇评测有价值,推荐,411.4,2016-8-28,国服189还是很值得，自由度很高，和朋友各种嗨，完成抢劫，去军事基地抢飞机，都很嗨，很不错的游戏。,Loew,21
尚未有人觉得这篇评测有价值有 2 人觉得这篇评测很欢乐,推荐,154.4,2016-9-6,不裝MOD 不開G 不借號 並沒有遇到封號 雖然需要找個組織才玩的比較開心 買了房子 飛機 公司 遊艇 這種感覺是無與倫比的雖然線上撕逼很嚴重 但是這也是遊戲文化之一 要習慣 也可以主動去撕逼刷錢挺累的 無論是CEO還是太平洋 還是找3個老司機做首腦好,鱼苗导师,57
尚未有人觉得这篇评测有价值,推荐,117.0,2016-6-26,爽快的对打   赞赞赞    宛若一尊神明,我胡了 你呢 弟弟,53
1 人觉得这篇评测有价值,不推荐,100.1,2016-7-1,检测外挂简直乱来 乱封号,921127334,1
1 人觉得这篇评测有价值,不推荐,615.7,2016-6-27,游戏确实是好游戏，但是误封十分严重，我都不敢推荐别人买了。R星自己毁自己游戏吧。,Sinclair377,59
1 人觉得这篇评测有价值,不推荐,319.5,2016-6-27,莫名其妙就封号 新手请注意 购买前看到我的评论算你幸运 三思而后行 很大机率会被误封 R星趁着暑假特惠来骗玩家一波钱,前女友的亲妈暴毙,10
1 人觉得这篇评测有价值,推荐,734.3,2016-5-18,游戏内人多和谐，画质强，细节好！主要就是网络有的时候好有的时候不好，不好的时间也不能进去游戏，所以我就挂VPN但是R星封号严重我怕封号所以不敢玩，等网络好在玩！我个人觉得这个游戏很好，我会一直关注这个游戏的！ 但是还是希望R星对封号的事情多重视下，我玩这个游戏玩了2年了我一次也没封过，我的朋友都玩这个游戏！都是我介绍给他们的。但是我朋友封的挺多的，但是他们的确没开挂。这个我也是没办法的。还有我看了下这个游戏的评论。差评多半是封号的！我个人建议，（我不是专业的所以就是我的想法）：R星做一个审核解封的网站，认真的审核看看是不是真的开G，当然我也非常能希望能没G 。真心的对待我们每一个人，毕竟都是花钱买的多一份信任多一个玩家。（我个人不知道有没有这个类型的网站但是我我是不知道有的我也希望有）在这呢我会继续等GTA6继续关注！,当欲望开始贪杯,58
1 人觉得这篇评测有价值,推荐,702.2,2016-5-18,玩了619个小时了，感觉GTA5是一款十分强大的游戏，优质的画面和强大的自由度再配上online模式简直无可挑剔的游戏！,Magic Zhu,7
1 人觉得这篇评测有价值有 1 人觉得这篇评测很欢乐,推荐,288.7,2016-1-3,完美的是游戏的物理引擎，基本上玩家和制作组能想到的真实效果都做出来了。网上有很多的诸如【100个真实细节】、【GTA5之流言终结者】之类的视频，大家去看了就知道，我这里就不再一一列举了；操作效果上来说，无论是飞机、潜艇还是车辆都比系列前作要好很多，不过飞机的操作依然丧病，未来还可以再度简化。最后是关于OL模式，依旧是白璧微瑕。过度剧情做的不错，新手教学有些不明朗；抢劫任务非常紧张并且强调配合，类似于P2P的网络方式也让玩家很少能感觉到延迟。然而正是这种方式让团队生存死斗任务、赛车任务等一系列玩点都很难组齐人。总的来说就是适合好友呼朋引伴，不适合公共战局。而且现在OL里的各种外挂和作弊行为也比较多。不管怎么说，对于丰富游戏玩点和可玩时间来说依然是非常成功的一部分。+2 剧情架构和人物塑造+1 城市沙盘创造+1 丰富的玩法+1 真实的物理引擎，细节营造惊人+1 神优化+1 OL模式+0.5 质量还不错的官方汉化 -0.5 剧情内涵弱-0.5 丢车机制非常丧病，超过大天朝-0.5 飞机的操作手感让人痛不欲生 总评：11/10 超满分作品。无论从哪个角度来说，180人民币带来的至少近百小时的高水平游戏体验，都是绝对超值的。,卡布奇诺,68
尚未有人觉得这篇评测有价值,推荐,72.0,2016-8-19,GOOD,GHGHHGHHH,61
1 人觉得这篇评测有价值,不推荐,149.9,2016-7-11,6月31号买的游戏，玩了五个小时，封了10天，什么事都没干，没开挂，就去了趟公共战局，就封了，7.10号，刚解封，玩了一天，第二天立马给我封了，什么也没干，还在和好友做差事，突然来了个30天封号大礼包，我去尼玛的R星？,Qin9Ha1z2,17
1 人觉得这篇评测有价值,不推荐,35.6,2016-8-31,莫名其妙就被封号了，什么都没用，也不刷钱，12级还没到就被封了,Run! BítсН Ruuuuuuuuun!,119
1 人觉得这篇评测有价值,推荐,356.0,2016-8-31,新手任务赚钱难，加Q812148824，低价获取金币，淘宝交易！,*,7
1 人觉得这篇评测有价值,不推荐,71.0,2016-8-31,游戏是好游戏，就是乱封人 明明没有违反游戏规则 却老是被误封  很讨厌,🐱⎝A^A⎠🐱,238
1 人觉得这篇评测有价值,不推荐,149.9,2016-7-11,6月31号买的游戏，玩了五个小时，封了10天，什么事都没干，没开挂，就去了趟公共战局，就封了，7.10号，刚解封，玩了一天，第二天立马给我封了，什么也没干，还在和好友做差事，突然来了个30天封号大礼包，我去尼玛的R星？,Qin9Ha1z2,17
尚未有人觉得这篇评测有价值,推荐,2662.8,2016-6-29,看在是神作的份上还是给个好评,Jestem,73
尚未有人觉得这篇评测有价值,推荐,658.9,2016-6-20,好玩过瘾，,大海里没有鱼,1
尚未有人觉得这篇评测有价值,推荐,253.9,2015-10-15,开始GTA5没反应 ！！！,真心就好不必句句煽情,10
尚未有人觉得这篇评测有价值,推荐,602.8,2016-2-9,什么时候把汽车的细节搞好了，估计就比那些赛车游戏还要好玩，,1,23
尚未有人觉得这篇评测有价值,推荐,52.4,2016-6-20,这是一款好游戏，但在我心中却算不上神作，它无法给我带来某种难忘的感受，就像是~~~~这个世界的旁观者，看起来生活很精彩，但静下心来，你会发现，之前到底发生了什么？,冈拉,449
尚未有人觉得这篇评测有价值,推荐,190.9,2016-6-20,百玩不厌呀,kar98kxx,11
1 人觉得这篇评测有价值,推荐,188.5,2016-2-26,不要花钱买金钱，买的越多你无聊的越快不要使用外挂能不乱杀人就别乱杀人~- -可当单机可当网游可当赛车可当射击内容无穷别太玩的快餐,SteRyGogO,287
1 人觉得这篇评测有价值,推荐,621.6,2016-8-10,666,少洋丶007,65
1 人觉得这篇评测有价值,推荐,429.3,2015-11-5,物价飞涨着不住了,16岁黑丝jk,365
尚未有人觉得这篇评测有价值,推荐,813.9,2016-5-31,游戏是个好游戏，有几个好基友一起玩会更好，不过目前卡单问题严重，但是，还是推荐这个游戏 现在94绝对史低，趁现在入正吧,大怪兽啃泥,122
尚未有人觉得这篇评测有价值,推荐,65.1,2016-9-10,挺好玩的就是人少,老实人,15
尚未有人觉得这篇评测有价值,推荐,541.4,2016-9-10,这游戏不入手? 那还注册什么steam,小松鼠bb,358
尚未有人觉得这篇评测有价值,推荐,53.9,2016-9-10,2020之前最好玩最经典最真实的冒险动作游戏了.细节 就不需要多说。还有强大的在线各种活动，差事。绝对值得还没入手的朋友 入手尝试。。,Huangbaxiaolizi,140
尚未有人觉得这篇评测有价值,推荐,630.7,2016-8-8,好玩,meimeipang,33
1 人觉得这篇评测有价值,不推荐,123.9,2016-8-12,無緣無故被封號什麼意思？,布墨,23
1 人觉得这篇评测有价值,不推荐,794.6,2016-8-12,服务器太垃圾，三天了没连上,Mango,6
1 人觉得这篇评测有价值,推荐,138.1,2016-8-12,我这个游戏刚买四天被封了10天这个游戏那 我现在也没抱多大希望在玩了   我相信你们内边应该也能看到我4天玩了多长时间  但是我想说的时候 我没开挂也没干嘛  为什么就给我封了  我只想要一个满意的答复   不可能说100多块钱买了个玩不了的游戏把对不对   其实我身边也有很多朋友号已经不明不白的就被封了 他们说我别玩这个游戏 但是我还是玩了我也没开挂 再说了  一个游戏能有不开挂的玩家吗？  他们开挂就开挂吧 对不对  你封他们的 我刚玩没几天就给我封了 而且还是不名不白的给我封了   是不是应该给我一个满意的答复,3378618798,1
1 人觉得这篇评测有价值,推荐,93.7,2016-8-12,我的少 这都是我老表玩的你不信算了,xiaoyang,195
尚未有人觉得这篇评测有价值,不推荐,447.0,2016-5-18,垃圾  乱封号，R星就是这样坑钱的，申诉也没用，公告什么都没有，也不给个解释什么的，就知道乱封号， 垃圾 垃圾 垃圾 重要话说三篇，谁再买谁就是SB,..,44
有 2 人觉得这篇评测有价值,不推荐,77.1,2016-6-25,作位gta系列做好的游戏我确实喜欢 但 我并不推荐 大家买  你评论区看到的所有问题 我遇见过80/100  至今 为止 我还没链接到gta5 ol 一直链接不到战区 单人 模式老师黑屏  花这个钱 冤枉啊,3232906544,5
尚未有人觉得这篇评测有价值,推荐,114.8,2016-2-20,杀人，放火，这是一个罪恶的都市（可以不穿裤衩就上街溜达	[/spoiler]）作为R星的GTA系列第五作其实发售以来就收到了N+的好评，至少相比较第四作来说（第四一作的抗锯齿真的很值得吐槽	[/spoiler]）联机方面。。。。你可以看到服务器BOOM~飞在天上的人，开着豪华游艇的dog，我反正不知道预售加跳票时候送的那几百万有什么用（一机油帮我刷了1千万[/spoiler]）------------------------------------------------------------------------------------------------------------------------------------------------------外挂满天飞的游戏,锤！,84
1 人觉得这篇评测有价值,不推荐,2017.9,2016-9-5,真他妈越来越垃圾，一个老司机玩了1100多小时做个CEO被封10天，一开始还冲过鲨鱼卡，1000多小时全是抢劫号里上千万直接清成两万。刚解封2天做完CEO下线吃个饭上线就又他妈被封了一个月，叼垃圾游戏申诉也不好申诉，外挂不封，正常玩家就封的来劲，不能做游戏往外推个屁。,Ku$h.Waldeinsamke1t,4
1 人觉得这篇评测有价值,不推荐,338.0,2016-9-5,无缘无故封我号，这游戏还能玩？,IronBear,5
1 人觉得这篇评测有价值,不推荐,49.0,2016-9-6,已经无法启动，全部显示无法链接，无论是否启动VPN，并且能登录youtube，就是无法登录游戏,雾雨積乱雲,25
1 人觉得这篇评测有价值,推荐,246.3,2016-8-24,还不错，在我的理想之内。等待 好长的 游戏。一直电脑配置不够，最近才配的新配置，效果杠杠的,LongCheng,21
1 人觉得这篇评测有价值,不推荐,98.1,2016-7-29,才玩几个小时，邮件 收到被封消息。中国地区全部被封。建议 别玩,1553461314,12
1 人觉得这篇评测有价值有 1 人觉得这篇评测很欢乐,推荐,319.5,2016-8-21,怎麼說呢，看玩家怎麼去玩，如果說單純去做任務 搶劫做完後就會很無聊，如果對觀光旅遊感興趣，gta5就不會無聊,Vanoch,11
尚未有人觉得这篇评测有价值,推荐,212.5,2016-8-29,因为赶上了优惠，所以133入的，还是很值的说,BJ Samurai,467
尚未有人觉得这篇评测有价值,推荐,293.6,2016-8-29,果然。自由度很高 内容丰富 细节刻画很有意思 多人的话找朋友一起玩乐趣极大 单人剧情也是很有得玩 还有就是有点小H 难怪广电局禁,常老板,18
尚未有人觉得这篇评测有价值,推荐,257.8,2016-8-31,可以很好玩,TXF,8
尚未有人觉得这篇评测有价值,推荐,46.2,2016-7-11,双核玩起来画质不是很好但是基本运行正常，手柄兼容性很好就是需要VPN。希望R星能够改善下。最近有朋友被无故封号，表示很蛋疼- -,栉风沐雨祈清凉丶,13
尚未有人觉得这篇评测有价值,推荐,138.6,2016-7-11,好评,Agent seven,10
尚未有人觉得这篇评测有价值,推荐,225.4,2016-7-11,总的来讲还是可以的啦，自由度挺高的基本改善想干嘛干嘛,小佬寇,22
尚未有人觉得这篇评测有价值,推荐,732.8,2016-7-11,go and fk urself!,AlbertoWang,80
1 人觉得这篇评测有价值,推荐,170.6,2015-7-21,R星连接较慢,fuxi,41
1 人觉得这篇评测有价值,不推荐,427.3,2016-8-11,关于这破封号机制和客服的自动回复，这个大大的差评我给定了！,MR.Fuck,138
1 人觉得这篇评测有价值,不推荐,726.5,2016-8-11,虽然风景和剧情非常不错。但这个差评是冲着服务器、乱封号、申诉自动回复给的，真是要多垃圾有多垃圾，最近看好多国人被误封了，R星是歧视国人还是怎么地。,倍多昏,1
1 人觉得这篇评测有价值,不推荐,289.6,2016-8-11,花了189买了游戏玩了50小时现在就被封1个月 真是郁闷啊 都不知道我干了什么就被封号了？,稀有2016,9
1 人觉得这篇评测有价值,推荐,345.5,2016-8-11,就目前來說，這款遊戲完美無缺（只要R星不亂封號,SCP-073·该隐,85
1 人觉得这篇评测有价值,推荐,293.1,2015-12-20,这真的是一款非常好的游戏，但是谁能告诉我在线模式一直无法登陆是怎么回事，，求助，不会英文,消失,36
1 人觉得这篇评测有价值,推荐,79.4,2016-5-25,优点是单机部分神作 缺点就是联机部分遇到语言不通的队友很容易团灭失败dlc免费这点大力点赞,levinHA,54
1 人觉得这篇评测有价值,不推荐,673.6,2016-6-30,第一次封号后紧接着就是第二次，没用过挂，没刷过钱，你的客户端是怎样的我就是怎样的，不信我也没办法。分析一下R星检测的技术含量，就在大规模封号后外挂依然横行，这就说明外挂检测并没有到位，R星员工只好乱捉一批以示成效。解封后上线依然能看到挂B，死斗看到一锁血国人挂B，我举报了，但是根本没用，反而不久自己马上又是一个30天套餐。封号从不给理由，解封马上再封，根本无所适从，这么屌不如干脆直接给40天得了。申诉也只有自动回复邮件，说明R星根本不想管，官网社区也几乎都是被封的帖子，客服理都不理，尽管是这样大规模的诉求依然没有让R星有半点行动，这真的是一个有良心的开发商运营应有的态度吗？,Tsukinanodesu,27
1 人觉得这篇评测有价值,推荐,170.6,2015-7-21,R星连接较慢,fuxi,41
1 人觉得这篇评测有价值有 1 人觉得这篇评测很欢乐,推荐,289.0,2016-8-26,这款游戏做的最棒的地方就是线上系统，R星为了让开挂的玩家有一个良好的环境去竞争，攀比谁的外挂更强，会让我们这些刚玩几十个小时的小玩家避避风头，封个十天，封个永久。是的，游戏剧情在犯罪的同时，游戏公司也在对正常游戏的玩家狠下毒手：）,-Sucrose,43
尚未有人觉得这篇评测有价值,推荐,490.4,2016-7-22,我觉得失误封号有一些严重希望r星能够减少  失误封号,438048775,17
尚未有人觉得这篇评测有价值,推荐,120.6,2016-7-22,当初为了情怀入的第一个正，从此也入了一个大坑，当年1月份预购的本打算寒假玩一玩。可是喜闻乐见的跳票了....等了几个月的我在电脑上终于看到了看到了熟悉的警星和警报声心中还是有些小激动的。虽然早就在360上玩过了，可是在拿起鼠标抢银行的的一瞬间我还是感慨万千~,夏阳云蔽,107
尚未有人觉得这篇评测有价值,推荐,225.7,2016-7-22,good,noahknight,146
尚未有人觉得这篇评测有价值,推荐,339.3,2016-7-22,我草你妈的R星 我有一句妈卖批直接喷你脸上，老子在大街开车开着开着就被永久封号 老子开车也算开挂？,Don't cry cry,3
有 2 人觉得这篇评测有价值,不推荐,14214.8,2016-9-12,我个人表示我是一个GTA系列的老玩家，对于账号误封实在是很无语，刚开始我就没有打算购买正版我会坐等破解版，但是有线上模式才让我改变的想法，如今用我的610疯牛病版的显卡玩游戏画质你懂得，才去的网吧玩，结果就被误封了，申诉无果，好吧被你打败了，第一次让我有购买正版的想法也是你，让我决定以后不买正版还是玩破解版本的想法也是你，恭喜你R星你做到了，坐等你的六出来玩破解，如果你的6出来封号机制还不改，不要怨我，作为一个预购玩家你让我很失望，游戏制度贼垃圾,CangShanErHai,91
1 人觉得这篇评测有价值,推荐,82.9,2016-3-11,之前盗版通关以后入了正，就国区天然30刀的价格来说，GTAV可以算的上为数不多的佳作了。就算把线上模式删掉，也对得起这个价了，别和我说189还是很贵，你现在去电影院里看部电影至少要好几十，大部分还是烂片。优点+好莱坞动作大片一般的主线剧情+各种支线小任务+上百种载具收集+各种彩蛋和隐藏要素+我是一名喜欢看风景的出租车司机+小查缺点- online有好多白痴- online有好多挂看情况if（你不玩育碧游戏）：     - 云层模拟差评else    + r星土豆质量比育碧的好,supertoy,140
1 人觉得这篇评测有价值,不推荐,152.5,2016-7-23,服务器垃圾到了极点，根本没法在在线模式好好玩，如果想体验剧情还行，但如果是想和朋友在线上玩，那非常不推荐，求r星换服务器！！！,shilock006,21
1 人觉得这篇评测有价值,不推荐,1218.7,2016-7-24,什么 情况啊 。真 另我失望呀。刚玩 一天就被封号10天。还 敢不敢 玩呀 。我怕10天解封 了 ，再玩就一个月然后 就 被永久。会吗 。,小蛇,3
1 人觉得这篇评测有价值,推荐,2140.5,2016-7-13,少一点BUG 少一点外挂，就无可挑剔,鑫,63
1 人觉得这篇评测有价值有 1 人觉得这篇评测很欢乐,推荐,77.6,2016-9-2,60多g的音乐播放软件,♥Asian Stoner♥,22
尚未有人觉得这篇评测有价值,推荐,169.9,2016-9-7,666,HUAHUA5216,4
尚未有人觉得这篇评测有价值,推荐,102.6,2016-6-25,好玩,MUMUMU,76
1 人觉得这篇评测有价值,不推荐,641.3,2016-7-10,游戏 挺好，就是 误封太多！,Zemo,128
1 人觉得这篇评测有价值,推荐,849.5,2016-7-8,玩了400多个小时，一直很喜欢GTA系类。由其线上开黑！,有莘谷,92
1 人觉得这篇评测有价值,推荐,44.9,2016-7-22,强力推荐！！     10/10-极其优秀的画质-高自由度-疯狂怪诞的支线任务-惊险又刺激的抢劫计划-各种武器各种配件-内置“奇迹暖暖”换装游戏-可以上网（有一部非常给力的日漫）-家庭的破碎与重圆-兄弟情-干死大反派 露点、车震等绅士内容还等什么！？买买买买买！！,[89]Butter,149
1 人觉得这篇评测有价值,不推荐,87.3,2016-7-1,辣鸡游戏，我连线上任务都没做，就陪朋友，到被封号的几个小时内，一直是1级。娱乐游戏，却特么被你误封，真恶心 ，有时间封正常玩家，挂狗都不封，要你们有什么用？？？,( ' – ' ),5
1 人觉得这篇评测有价值,不推荐,111.6,2016-6-3,乱封号的垃圾游戏,24k纯帅,10
1 人觉得这篇评测有价值,推荐,150.5,2015-5-14,辛辣的讽刺，与深刻的剖析，种种不平等，种种无奈，种种挣扎，种种放纵。,Nazmei,108
尚未有人觉得这篇评测有价值有 1 人觉得这篇评测很欢乐,推荐,32.5,2016-8-17,最棒的游戏,乌龟文轩,12
有 2 人觉得这篇评测有价值,不推荐,421.1,2016-6-29,steam上购买GTA5，无法进入游戏，求解。      安装好后 登录到页面后，游戏就直接弹出到电脑桌面 ，根本无法进入游戏  反复10几次都一样不知道什么原因 而且出现这样情况的玩家， 还不少  我不知道steam具体去和玩家沟通没有 而且反馈后一直没回音客户完全是机器人 这样的的态度 只会让玩家越来越少了,296129282,1
尚未有人觉得这篇评测有价值,推荐,278.9,2016-8-13,this game is a ♥♥♥♥ing good game,慌大王,1
尚未有人觉得这篇评测有价值,推荐,773.7,2016-8-13,優點還是有的 地圖開放性高 劇情好 這些的確不錯 但是綫上模式的服務器實在是渣 玩不了多久服務器就波動 這些都是小事  最大的問題就是亂封號 開外挂玩家有很多都沒封  反正覺得你有點問題就封   游戲是個好游戲 但是官方太差 建議買PS4版本的 不建議買PC,帅气的帅比,19
尚未有人觉得这篇评测有价值,推荐,359.4,2016-8-26,从XBOX到购买PC一年 没别的 神作,朴久汗jio,39
尚未有人觉得这篇评测有价值,推荐,359.4,2016-8-26,从XBOX到购买PC一年 没别的 神作,朴久汗jio,39
尚未有人觉得这篇评测有价值,不推荐,348.4,2015-12-20,什么破游戏！登入游戏都登入不了，还让不让入玩啊！,在学校,1
1 人觉得这篇评测有价值,不推荐,1639.3,2016-9-4,无语了 新号才玩了77个小时 .今天登陆无缘无故的给 封了10天 我才16级啊，角色身上只有1W多的钱 哪里像作弊了 ，诅咒你们那些乱封号的渣渣 准备买正版GTA5的 谨慎了 他们乱封号的......,XHE22G,6
1 人觉得这篇评测有价值有 2 人觉得这篇评测很欢乐,不推荐,149.3,2016-8-30,说真的，看主播们玩这游戏看了1年多，前几天总于自己买了玩，看很多评论说被封了，我不信，觉得他们肯定是开挂了被封了活该，我老老实实玩了12小时升到17级，今天上线说我和云端不同步，我继续点开始游戏，你他妈给我封了？？？日你吗的R星,唔畀,11
有 2 人觉得这篇评测有价值有 1 人觉得这篇评测很欢乐,不推荐,64.7,2016-8-5,无缘无故封我30天我忍了，妈的，玩着玩着它封我永久，试问一个不用外挂，不用乱杀人，不开加速器的好玩家，为啥要封，所以各位联系别买来玩，坑爹,玉溪,4
尚未有人觉得这篇评测有价值,不推荐,43.5,2016-6-26,我操 游戏 玩不了有问题 一直进不去停止服务,F,16
尚未有人觉得这篇评测有价值,推荐,367.8,2016-9-2,很少见的大作 可以说是很完美 细节部分做到了极致 人物的对话 隐藏的发掘起来 R星给了发现的空间 不止是游戏 更是一份用心,SLine,68
尚未有人觉得这篇评测有价值,推荐,40.0,2016-8-20,很棒的游戏。,yuan_fang77,2
尚未有人觉得这篇评测有价值,推荐,693.9,2016-8-20,什么事情都没做就被ban了，回复我说使用MOD 毛线的MOD 根本没有用任何MOD凭什么BAN我？没脾气！,ZeboeXu,46
尚未有人觉得这篇评测有价值,推荐,567.7,2016-7-23,6666666,CodeTianjin123 ♥Anu,107
尚未有人觉得这篇评测有价值,推荐,117.8,2016-8-22,Hope gtaol can join the career system  so gtaol will become more perfect!,大雪人,180
尚未有人觉得这篇评测有价值,推荐,46.7,2016-9-12,很好玩，买了不后悔,Stone_key,114
1 人觉得这篇评测有价值有 1 人觉得这篇评测很欢乐,不推荐,240.4,2016-7-3,这个 筋斗景区不了,saland killer,12
1 人觉得这篇评测有价值有 1 人觉得这篇评测很欢乐,不推荐,46.7,2016-7-18,封封封封封！封的好！！！宁可错杀一千不放过一个！飞天遁地，全屏秒，用场景困住你，什么JB外挂都有。现在好了全部无差别封了，本来玩个游戏嘛，找点现实里体会不到的成就感也就算了，但是许多人要在游戏里再开上外挂才能找到成就感，可想而知这种人是多么的LOSER，哈哈哈哈。没开过的被封那是你运气不好，谁叫RS要整治呢哈哈哈哈。我这里呢，也打个差评，外挂问题和管理问题的锅RS还是要接的。,小方小方！！！！！,25
1 人觉得这篇评测有价值,推荐,1210.6,2015-11-24,What a perfect game !,SunnySOLA,83
1 人觉得这篇评测有价值,推荐,493.5,2015-10-16,我很喜欢rockstar的游戏，将来我会继续支持这家伟大的游戏公司，游戏近乎完美，但是服务器真的是很不好，让中国玩家无法获得最好的体验,TOPskull,19
1 人觉得这篇评测有价值,推荐,588.9,2016-6-1,挺好自由度很高。推荐!,Tokyouuuuui,24
1 人觉得这篇评测有价值,推荐,620.7,2016-2-13,值得一玩的良心之作,fuckthat,90
1 人觉得这篇评测有价值,不推荐,199.0,2016-8-9,我刚买这个游戏才两天，只玩了10小时。我上线90%都是和朋友一起做任务，也遵守游戏规规则，重来没用过任务外挂和作弊器。但是还是被莫名其妙封号。我去官方申诉，官方不理。189元就玩10小时。你们官方还真会骗钱。坚决地址这种不拿玩家权益当回事，想封号就封号（没有任何提示的情况下）。,We1lessGodV,16
1 人觉得这篇评测有价值,不推荐,36.8,2016-7-4,非常垃圾 我是 2016.07.03第一次购买GTA5，于 2016.07.04安装并游戏 ，沒有使用任何辅助插件， 在线不足3小时莫名其妙的被R星封了10天，至今不知道什么原因 R星也没有任何解释。然后在又在2016.07.05再次购买GTA5游戏，同样沒有使用任何辅助插件，正常在线任务，3小时后又被R星无情的封了10天，同样沒有任何解释，这是在骗钱吗？ 我就想知道买了游戏为什么不能正常的享有我的使用权！何况 我是正常游戏，沒有违反游戏的任何规定！跟steam申请退款，答复是不予受理！什么意思？这个倒霉的游戏让我非常非常失望！,soulSong,3
1 人觉得这篇评测有价值,推荐,122.9,2016-8-5,玩了80小时，多数时间都是在线上。目前并没有被误封。给新人几个建议1.把你的那些杀毒软件，还有后台全关了2.开加速器进游戏，不然土豆服务器够你受的3.不要一开始就直接抢劫，钱跳的快封号几率大。一开始建议去开开车。4.进公开战局，开被动模式。5.不要和外挂玩家有任何关系6.不要邀请等级太低的玩家抢劫，不仅拖后腿，而且他们钱跳的快，被误封了，你也要被封7.不要一次性做太多太平洋分红关，我一哥们就这样被封了,WhiteNorth,84
1 人觉得这篇评测有价值,不推荐,199.0,2016-8-9,我刚买这个游戏才两天，只玩了10小时。我上线90%都是和朋友一起做任务，也遵守游戏规规则，重来没用过任务外挂和作弊器。但是还是被莫名其妙封号。我去官方申诉，官方不理。189元就玩10小时。你们官方还真会骗钱。坚决地址这种不拿玩家权益当回事，想封号就封号（没有任何提示的情况下）。,We1lessGodV,16
1 人觉得这篇评测有价值,不推荐,402.3,2016-8-21,这游戏已经不能像以前一样愉快的玩了，和朋友开黑玩着玩着喜得封号？？R星不会做网游就不要做了 何必糟蹋玩家？,Shiki,166
1 人觉得这篇评测有价值,不推荐,746.1,2016-8-21,说封就封，毫无征兆，就封号了！买来才玩了22小时什么都没干就给封了。一直保持着良好的，但是还是被封了号！,milk.,34
1 人觉得这篇评测有价值,推荐,158.9,2016-7-24,我的下载完了为啥玩不了,liyongjie666666,6
1 人觉得这篇评测有价值有 1 人觉得这篇评测很欢乐,推荐,1874.4,2015-4-15,除了操作没有GTA4的那种物理效果之外，其他都满分，非常不错的游戏！线上内容很丰富，玩了1天就上瘾了！不过配置要求挺高，R9 280X I5 3570 8G内存1080P也只能全特效30-60帧，估计很多人会卡出翔吧..8G内存竟然吃我7G，显存3G能吃完.. 我这配置也就刚刚够用而已..,WTFDOOD!?..TL,14
1 人觉得这篇评测有价值有 1 人觉得这篇评测很欢乐,不推荐,210.8,2016-8-9,我怎么觉得这个游戏有病啊   狗日的就喜欢封号垃圾我曹,秋天的风,32
1 人觉得这篇评测有价值,推荐,747.1,2016-3-4,我觉得这是我在STEAM买过最最最爽的游戏，没有之一！,Noob,37
1 人觉得这篇评测有价值,不推荐,36.8,2016-7-4,非常垃圾 我是 2016.07.03第一次购买GTA5，于 2016.07.04安装并游戏 ，沒有使用任何辅助插件， 在线不足3小时莫名其妙的被R星封了10天，至今不知道什么原因 R星也没有任何解释。然后在又在2016.07.05再次购买GTA5游戏，同样沒有使用任何辅助插件，正常在线任务，3小时后又被R星无情的封了10天，同样沒有任何解释，这是在骗钱吗？ 我就想知道买了游戏为什么不能正常的享有我的使用权！何况 我是正常游戏，沒有违反游戏的任何规定！跟steam申请退款，答复是不予受理！什么意思？这个倒霉的游戏让我非常非常失望！,soulSong,3
1 人觉得这篇评测有价值,推荐,381.4,2016-7-2,线下剧情挺精彩，但是害怕线上误封啊，上帝保佑，保佑绿色玩家平平安安,leslietam,1
1 人觉得这篇评测有价值,推荐,493.5,2015-10-16,我很喜欢rockstar的游戏，将来我会继续支持这家伟大的游戏公司，游戏近乎完美，但是服务器真的是很不好，让中国玩家无法获得最好的体验,TOPskull,19
有 2 人觉得这篇评测有价值,不推荐,1083.3,2016-8-25,莫名其妙被封号x2r*你倒是滚出来给我个解释氪了差不多2krmb说封就封是个什么鸡脖意思,sycmurcielago,110
尚未有人觉得这篇评测有价值,推荐,1084.5,2016-6-3,游戏可玩度很高，寿命也很长我家的gta5玩了3年，是我第一份工作的工资买的，到现在还在玩，你也要玩3年多,zhuzhinan,73
尚未有人觉得这篇评测有价值,不推荐,4.4,2016-6-2,游戏买了 就上不去，别的游戏都能玩,641441018,1
尚未有人觉得这篇评测有价值,不推荐,124.2,2016-6-2,游戏随便封人，第一天辛辛苦苦玩了一天团队赚了十几万结果第二天莫名被封，10天解封后刚上线玩了不超过半小时网断了重新上线又被封一个月，我是真不知道我哪里有开挂嫌疑了，身上就3W现金18级小号，线上模式没玩过10小时就被封一个半月，垃圾游戏，垃圾技术,Ivan,61
尚未有人觉得这篇评测有价值,推荐,777.9,2016-6-3,好玩   就是老掉线烦人,唯实1996,38
尚未有人觉得这篇评测有价值有 1 人觉得这篇评测很欢乐,推荐,83.6,2016-6-19,好,黄豆,139
有 2 人觉得这篇评测有价值有 1 人觉得这篇评测很欢乐,不推荐,402.5,2016-9-12,我就玩了2小时就再也进不了游戏了，听说R星乱封号我就呵呵了，看来我中奖了！189买一个滑稽不亏！,NBA_跪族蓝孩,90
有 2 人觉得这篇评测有价值,不推荐,98.4,2016-9-12,辣鸡游戏，玩了没两个月被封号了，玩了20个小时也就买了个20W的房子，车都是街上拉回家的你封我号？  路过的朋友千万别入这个坑，真的坑。,替天行乐,8
有 2 人觉得这篇评测有价值,不推荐,32.6,2016-9-12,刚买两天。 什么都没开就封号， 真的只能差评,小星星,22
有 2 人觉得这篇评测有价值,不推荐,251.9,2016-8-5,游戏很好玩，跟几个朋友一起玩，很欢乐，就是R星太SB，瞎鸡巴乱封号，差评。,Doku.TAG,83
有 2 人觉得这篇评测有价值,不推荐,79.9,2016-8-5,差评，果断差评R星有毒，我才玩了七十个小时，没开G，没开加速器，连VPN我都没挂，什么都没开，他就说我违反线上用户协议把我号封了差评！！！,明媚,6
1 人觉得这篇评测有价值,推荐,368.2,2016-2-12,要是能出更多抢劫任务就好了,⎛⎝Condoms⎠⎞,48
1 人觉得这篇评测有价值,不推荐,259.5,2016-9-2,不推荐乱封号 才买了游戏玩了两三个小时什么都没有就被封号10天 千万别买忍住你们的这份冲动,LZ,4
1 人觉得这篇评测有价值,推荐,1019.3,2016-8-25,可以,PANWENDI,70
1 人觉得这篇评测有价值,不推荐,671.2,2016-9-15,第一次，被封十天，第二次，封我一个月，中间就隔了三天有这样的吗？我都不知道我干什么了，那晚，做太平洋任务，一起的就封两个，没没谁了牛B啊！,PANGZI,32
1 人觉得这篇评测有价值,不推荐,21.4,2016-9-15,我什么都没干过。从七月开始   被封   封过我就猜肯定有第二次  然后第二次来了   可以      然后跟朋友开黑做抢劫任务    永久封就来了   我真的很疑惑我为什么花了200块钱玩的时间连一天都没到就被封了？R星你吃屎吧,也许曾经都美好丶,64
1 人觉得这篇评测有价值,推荐,1803.5,2016-1-3,怎么说呢。感觉这几天不挂vpn简直玩不了。外挂多的也全是无敌，地图炮的外挂已经见不着了很多人还是喜欢底下高傲的头跑去跟外挂要钱。对外挂的惩罚力度还是太低，举报栏里没有一个是外挂举报。这样下去这游戏吃枣药丸。,moda233,160
1 人觉得这篇评测有价值有 1 人觉得这篇评测很欢乐,推荐,782.5,2015-8-26,从小就开始玩，想当初，玩着vc，在大街上乱杀无辜，随便抢车，以至于幼小的心灵收到极大的创伤QAQ见辆车就想偷，关卡过不去就开挂，锁时间，无敌XD现在玩这游戏，也已完全入迷，自己已经完全沉浸在洛圣都 如果你想买一个游戏，第一个就买GTA5吧,Booker,85
有 2 人觉得这篇评测有价值有 1 人觉得这篇评测很欢乐,不推荐,112.5,2016-7-22,我没有使用任何作弊软件，辛辛苦苦做抢劫任务赚了点钱，骑着自行车跑去美发店想换个发型，结果刚进去美发店就关门，我一气之下开枪把NPC打死了，然后就封号了。原来打个NPC也会被当成作弊吗？那那些在马路上撞死无数NPC的玩家，岂不是都要被封了？玩你娘个蛋蛋！！……10天过去了，刚解封，上游戏去买子弹，又莫名其妙被封一个月！叼叼叼！！！,Notus,32
尚未有人觉得这篇评测有价值,推荐,390.2,2016-8-30,非常好玩,其实我是陈奕迅,70
尚未有人觉得这篇评测有价值,不推荐,300.6,2016-7-12,行吧 申请退款走起。   7月1日打折买的游戏  7月3日4点和老外做完任务，就下线了 。 下午起来 邮箱一封7月3日rockstar 邮件发送过来。    翻译过后 验证了 ban report 是封号的意思。  我就莫名其妙了 。封号前过程是这样的  最后一个任务是开两个低底盘车 避开警察   ， 前头失败不计其数 各种开任务 拉人  换战局   开打  没过   再来一次   队友走了 ， 又开任务 拉人 没人  换战局 ，估摸2个小时 。 后来碰上一个有耐心的老外 一直坚持着，但任务过程不是很顺利，不是他被抓就是我被抓，开了10几次车 ，终于 在第14 次进入第二流程。 各种死啊 这老外 后来让他躲在小房间里，我来清（枪法还可以），第18次 过了这个任务，下线了 。,Tk,34
尚未有人觉得这篇评测有价值,推荐,511.0,2016-9-5,乱封号好烦,胡新晨,22
尚未有人觉得这篇评测有价值,推荐,182.0,2016-9-5,开放的世界,青水一壶酒,23
尚未有人觉得这篇评测有价值,推荐,623.0,2016-9-6,单机神作~，联网模式不清楚，有部分玩家是奔着联网来的，我想说一下剧情模式非常不错！,NINEDRUNK,94
尚未有人觉得这篇评测有价值有 1 人觉得这篇评测很欢乐,推荐,564.7,2016-9-5,优化很好，核显都能玩，不玩任务开车看风景也是一种享受。,Naissance,80
尚未有人觉得这篇评测有价值,推荐,31.1,2015-4-19,买买买良心,Max.RiTian,189
尚未有人觉得这篇评测有价值,推荐,359.3,2015-4-19,就是怎么玩都不腻 。。。。,lovellx,36
尚未有人觉得这篇评测有价值,推荐,111.8,2016-5-15,奈何国区卡的飞起啊,布里塔利亚,162
尚未有人觉得这篇评测有价值,推荐,211.6,2016-4-5,好玩,无尘,9
